municipality:rel,province:rel,country:rel,age:attr,gender:rel,unemployment,date
Altea,Alicante,Spain,<25,Masculino,34.0,2006-01-01
Altea,Alicante,Spain,25-44,Masculino,123.0,2006-01-01
Altea,Alicante,Spain,>=45,Masculino,0.0,2006-01-01
Altea,Alicante,Spain,<25,Femenino,87.0,2006-01-01
Altea,Alicante,Spain,25-44,Femenino,41.0,2006-01-01
Altea,Alicante,Spain,>=45,Femenino,257.0,2006-01-01
Benidorm,Alicante,Spain,<25,Masculino,211.0,2006-01-01
Benidorm,Alicante,Spain,25-44,Masculino,763.0,2006-01-01
Benidorm,Alicante,Spain,>=45,Masculino,0.0,2006-01-01
Benidorm,Alicante,Spain,<25,Femenino,479.0,2006-01-01
Benidorm,Alicante,Spain,25-44,Femenino,172.0,2006-01-01
Benidorm,Alicante,Spain,>=45,Femenino,1033.0,2006-01-01
Elda,Alicante,Spain,<25,Masculino,232.0,2006-01-01
Elda,Alicante,Spain,25-44,Masculino,751.0,2006-01-01
Elda,Alicante,Spain,>=45,Masculino,0.0,2006-01-01
Elda,Alicante,Spain,<25,Femenino,1027.0,2006-01-01
Elda,Alicante,Spain,25-44,Femenino,207.0,2006-01-01
Elda,Alicante,Spain,>=45,Femenino,1075.0,2006-01-01
Petrer,Alicante,Spain,<25,Masculino,173.0,2006-01-01
Petrer,Alicante,Spain,25-44,Masculino,506.0,2006-01-01
Petrer,Alicante,Spain,>=45,Masculino,0.0,2006-01-01
Petrer,Alicante,Spain,<25,Femenino,539.0,2006-01-01
Petrer,Alicante,Spain,25-44,Femenino,154.0,2006-01-01
Petrer,Alicante,Spain,>=45,Femenino,951.0,2006-01-01
Santa Pola,Alicante,Spain,<25,Masculino,48.0,2006-01-01
Santa Pola,Alicante,Spain,25-44,Masculino,219.0,2006-01-01
Santa Pola,Alicante,Spain,>=45,Masculino,0.0,2006-01-01
Santa Pola,Alicante,Spain,<25,Femenino,148.0,2006-01-01
Santa Pola,Alicante,Spain,25-44,Femenino,84.0,2006-01-01
Santa Pola,Alicante,Spain,>=45,Femenino,349.0,2006-01-01
Altea,Alicante,Spain,<25,Masculino,44.0,2007-01-01
Altea,Alicante,Spain,25-44,Masculino,154.0,2007-01-01
Altea,Alicante,Spain,>=45,Masculino,0.0,2007-01-01
Altea,Alicante,Spain,<25,Femenino,98.0,2007-01-01
Altea,Alicante,Spain,25-44,Femenino,35.0,2007-01-01
Altea,Alicante,Spain,>=45,Femenino,267.0,2007-01-01
Benidorm,Alicante,Spain,<25,Masculino,156.0,2007-01-01
Benidorm,Alicante,Spain,25-44,Masculino,794.0,2007-01-01
Benidorm,Alicante,Spain,>=45,Masculino,0.0,2007-01-01
Benidorm,Alicante,Spain,<25,Femenino,462.0,2007-01-01
Benidorm,Alicante,Spain,25-44,Femenino,179.0,2007-01-01
Benidorm,Alicante,Spain,>=45,Femenino,993.0,2007-01-01
Elda,Alicante,Spain,<25,Masculino,218.0,2007-01-01
Elda,Alicante,Spain,25-44,Masculino,663.0,2007-01-01
Elda,Alicante,Spain,>=45,Masculino,0.0,2007-01-01
Elda,Alicante,Spain,<25,Femenino,910.0,2007-01-01
Elda,Alicante,Spain,25-44,Femenino,209.0,2007-01-01
Elda,Alicante,Spain,>=45,Femenino,1072.0,2007-01-01
Petrer,Alicante,Spain,<25,Masculino,169.0,2007-01-01
Petrer,Alicante,Spain,25-44,Masculino,452.0,2007-01-01
Petrer,Alicante,Spain,>=45,Masculino,0.0,2007-01-01
Petrer,Alicante,Spain,<25,Femenino,536.0,2007-01-01
Petrer,Alicante,Spain,25-44,Femenino,134.0,2007-01-01
Petrer,Alicante,Spain,>=45,Femenino,985.0,2007-01-01
Santa Pola,Alicante,Spain,<25,Masculino,94.0,2007-01-01
Santa Pola,Alicante,Spain,25-44,Masculino,244.0,2007-01-01
Santa Pola,Alicante,Spain,>=45,Masculino,0.0,2007-01-01
Santa Pola,Alicante,Spain,<25,Femenino,158.0,2007-01-01
Santa Pola,Alicante,Spain,25-44,Femenino,77.0,2007-01-01
Santa Pola,Alicante,Spain,>=45,Femenino,377.0,2007-01-01
Altea,Alicante,Spain,<25,Masculino,45.0,2008-01-01
Altea,Alicante,Spain,25-44,Masculino,218.0,2008-01-01
Altea,Alicante,Spain,>=45,Masculino,129.0,2008-01-01
Altea,Alicante,Spain,<25,Femenino,53.0,2008-01-01
Altea,Alicante,Spain,25-44,Femenino,284.0,2008-01-01
Altea,Alicante,Spain,>=45,Femenino,149.0,2008-01-01
Benidorm,Alicante,Spain,<25,Masculino,258.0,2008-01-01
Benidorm,Alicante,Spain,25-44,Masculino,994.0,2008-01-01
Benidorm,Alicante,Spain,>=45,Masculino,594.0,2008-01-01
Benidorm,Alicante,Spain,<25,Femenino,195.0,2008-01-01
Benidorm,Alicante,Spain,25-44,Femenino,1075.0,2008-01-01
Benidorm,Alicante,Spain,>=45,Femenino,735.0,2008-01-01
Elda,Alicante,Spain,<25,Masculino,274.0,2008-01-01
Elda,Alicante,Spain,25-44,Masculino,710.0,2008-01-01
Elda,Alicante,Spain,>=45,Masculino,957.0,2008-01-01
Elda,Alicante,Spain,<25,Femenino,204.0,2008-01-01
Elda,Alicante,Spain,25-44,Femenino,1104.0,2008-01-01
Elda,Alicante,Spain,>=45,Femenino,1789.0,2008-01-01
Petrer,Alicante,Spain,<25,Masculino,180.0,2008-01-01
Petrer,Alicante,Spain,25-44,Masculino,457.0,2008-01-01
Petrer,Alicante,Spain,>=45,Masculino,506.0,2008-01-01
Petrer,Alicante,Spain,<25,Femenino,124.0,2008-01-01
Petrer,Alicante,Spain,25-44,Femenino,893.0,2008-01-01
Petrer,Alicante,Spain,>=45,Femenino,1013.0,2008-01-01
Santa Pola,Alicante,Spain,<25,Masculino,127.0,2008-01-01
Santa Pola,Alicante,Spain,25-44,Masculino,314.0,2008-01-01
Santa Pola,Alicante,Spain,>=45,Masculino,175.0,2008-01-01
Santa Pola,Alicante,Spain,<25,Femenino,112.0,2008-01-01
Santa Pola,Alicante,Spain,25-44,Femenino,445.0,2008-01-01
Santa Pola,Alicante,Spain,>=45,Femenino,227.0,2008-01-01
Altea,Alicante,Spain,<25,Masculino,70.0,2009-01-01
Altea,Alicante,Spain,25-44,Masculino,477.0,2009-01-01
Altea,Alicante,Spain,>=45,Masculino,235.0,2009-01-01
Altea,Alicante,Spain,<25,Femenino,59.0,2009-01-01
Altea,Alicante,Spain,25-44,Femenino,412.0,2009-01-01
Altea,Alicante,Spain,>=45,Femenino,208.0,2009-01-01
Benidorm,Alicante,Spain,<25,Masculino,370.0,2009-01-01
Benidorm,Alicante,Spain,25-44,Masculino,1719.0,2009-01-01
Benidorm,Alicante,Spain,>=45,Masculino,943.0,2009-01-01
Benidorm,Alicante,Spain,<25,Femenino,285.0,2009-01-01
Benidorm,Alicante,Spain,25-44,Femenino,1539.0,2009-01-01
Benidorm,Alicante,Spain,>=45,Femenino,982.0,2009-01-01
Elda,Alicante,Spain,<25,Masculino,502.0,2009-01-01
Elda,Alicante,Spain,25-44,Masculino,1372.0,2009-01-01
Elda,Alicante,Spain,>=45,Masculino,1275.0,2009-01-01
Elda,Alicante,Spain,<25,Femenino,322.0,2009-01-01
Elda,Alicante,Spain,25-44,Femenino,1550.0,2009-01-01
Elda,Alicante,Spain,>=45,Femenino,2087.0,2009-01-01
Petrer,Alicante,Spain,<25,Masculino,363.0,2009-01-01
Petrer,Alicante,Spain,25-44,Masculino,911.0,2009-01-01
Petrer,Alicante,Spain,>=45,Masculino,722.0,2009-01-01
Petrer,Alicante,Spain,<25,Femenino,239.0,2009-01-01
Petrer,Alicante,Spain,25-44,Femenino,1165.0,2009-01-01
Petrer,Alicante,Spain,>=45,Femenino,1256.0,2009-01-01
Santa Pola,Alicante,Spain,<25,Masculino,235.0,2009-01-01
Santa Pola,Alicante,Spain,25-44,Masculino,652.0,2009-01-01
Santa Pola,Alicante,Spain,>=45,Masculino,329.0,2009-01-01
Santa Pola,Alicante,Spain,<25,Femenino,161.0,2009-01-01
Santa Pola,Alicante,Spain,25-44,Femenino,641.0,2009-01-01
Santa Pola,Alicante,Spain,>=45,Femenino,332.0,2009-01-01
Altea,Alicante,Spain,<25,Masculino,89.0,2010-01-01
Altea,Alicante,Spain,25-44,Masculino,558.0,2010-01-01
Altea,Alicante,Spain,>=45,Masculino,307.0,2010-01-01
Altea,Alicante,Spain,<25,Femenino,85.0,2010-01-01
Altea,Alicante,Spain,25-44,Femenino,524.0,2010-01-01
Altea,Alicante,Spain,>=45,Femenino,258.0,2010-01-01
Benidorm,Alicante,Spain,<25,Masculino,412.0,2010-01-01
Benidorm,Alicante,Spain,25-44,Masculino,2101.0,2010-01-01
Benidorm,Alicante,Spain,>=45,Masculino,1183.0,2010-01-01
Benidorm,Alicante,Spain,<25,Femenino,341.0,2010-01-01
Benidorm,Alicante,Spain,25-44,Femenino,1874.0,2010-01-01
Benidorm,Alicante,Spain,>=45,Femenino,1278.0,2010-01-01
Elda,Alicante,Spain,<25,Masculino,529.0,2010-01-01
Elda,Alicante,Spain,25-44,Masculino,1679.0,2010-01-01
Elda,Alicante,Spain,>=45,Masculino,1487.0,2010-01-01
Elda,Alicante,Spain,<25,Femenino,393.0,2010-01-01
Elda,Alicante,Spain,25-44,Femenino,1767.0,2010-01-01
Elda,Alicante,Spain,>=45,Femenino,2402.0,2010-01-01
Petrer,Alicante,Spain,<25,Masculino,393.0,2010-01-01
Petrer,Alicante,Spain,25-44,Masculino,1110.0,2010-01-01
Petrer,Alicante,Spain,>=45,Masculino,873.0,2010-01-01
Petrer,Alicante,Spain,<25,Femenino,245.0,2010-01-01
Petrer,Alicante,Spain,25-44,Femenino,1452.0,2010-01-01
Petrer,Alicante,Spain,>=45,Femenino,1474.0,2010-01-01
Santa Pola,Alicante,Spain,<25,Masculino,175.0,2010-01-01
Santa Pola,Alicante,Spain,25-44,Masculino,841.0,2010-01-01
Santa Pola,Alicante,Spain,>=45,Masculino,411.0,2010-01-01
Santa Pola,Alicante,Spain,<25,Femenino,155.0,2010-01-01
Santa Pola,Alicante,Spain,25-44,Femenino,797.0,2010-01-01
Santa Pola,Alicante,Spain,>=45,Femenino,433.0,2010-01-01
Altea,Alicante,Spain,<25,Masculino,83.0,2011-01-01
Altea,Alicante,Spain,25-44,Masculino,556.0,2011-01-01
Altea,Alicante,Spain,>=45,Masculino,371.0,2011-01-01
Altea,Alicante,Spain,<25,Femenino,61.0,2011-01-01
Altea,Alicante,Spain,25-44,Femenino,560.0,2011-01-01
Altea,Alicante,Spain,>=45,Femenino,293.0,2011-01-01
Benidorm,Alicante,Spain,<25,Masculino,378.0,2011-01-01
Benidorm,Alicante,Spain,25-44,Masculino,1995.0,2011-01-01
Benidorm,Alicante,Spain,>=45,Masculino,1278.0,2011-01-01
Benidorm,Alicante,Spain,<25,Femenino,333.0,2011-01-01
Benidorm,Alicante,Spain,25-44,Femenino,1945.0,2011-01-01
Benidorm,Alicante,Spain,>=45,Femenino,1439.0,2011-01-01
Elda,Alicante,Spain,<25,Masculino,495.0,2011-01-01
Elda,Alicante,Spain,25-44,Masculino,1675.0,2011-01-01
Elda,Alicante,Spain,>=45,Masculino,1548.0,2011-01-01
Elda,Alicante,Spain,<25,Femenino,345.0,2011-01-01
Elda,Alicante,Spain,25-44,Femenino,1918.0,2011-01-01
Elda,Alicante,Spain,>=45,Femenino,2454.0,2011-01-01
Petrer,Alicante,Spain,<25,Masculino,348.0,2011-01-01
Petrer,Alicante,Spain,25-44,Masculino,1032.0,2011-01-01
Petrer,Alicante,Spain,>=45,Masculino,891.0,2011-01-01
Petrer,Alicante,Spain,<25,Femenino,238.0,2011-01-01
Petrer,Alicante,Spain,25-44,Femenino,1487.0,2011-01-01
Petrer,Alicante,Spain,>=45,Femenino,1552.0,2011-01-01
Santa Pola,Alicante,Spain,<25,Masculino,215.0,2011-01-01
Santa Pola,Alicante,Spain,25-44,Masculino,870.0,2011-01-01
Santa Pola,Alicante,Spain,>=45,Masculino,467.0,2011-01-01
Santa Pola,Alicante,Spain,<25,Femenino,180.0,2011-01-01
Santa Pola,Alicante,Spain,25-44,Femenino,957.0,2011-01-01
Santa Pola,Alicante,Spain,>=45,Femenino,508.0,2011-01-01
Altea,Alicante,Spain,<25,Masculino,100.0,2012-01-01
Altea,Alicante,Spain,25-44,Masculino,577.0,2012-01-01
Altea,Alicante,Spain,>=45,Masculino,429.0,2012-01-01
Altea,Alicante,Spain,<25,Femenino,65.0,2012-01-01
Altea,Alicante,Spain,25-44,Femenino,581.0,2012-01-01
Altea,Alicante,Spain,>=45,Femenino,367.0,2012-01-01
Benidorm,Alicante,Spain,<25,Masculino,359.0,2012-01-01
Benidorm,Alicante,Spain,25-44,Masculino,1872.0,2012-01-01
Benidorm,Alicante,Spain,>=45,Masculino,1388.0,2012-01-01
Benidorm,Alicante,Spain,<25,Femenino,331.0,2012-01-01
Benidorm,Alicante,Spain,25-44,Femenino,1944.0,2012-01-01
Benidorm,Alicante,Spain,>=45,Femenino,1607.0,2012-01-01
Elda,Alicante,Spain,<25,Masculino,483.0,2012-01-01
Elda,Alicante,Spain,25-44,Masculino,1685.0,2012-01-01
Elda,Alicante,Spain,>=45,Masculino,1576.0,2012-01-01
Elda,Alicante,Spain,<25,Femenino,372.0,2012-01-01
Elda,Alicante,Spain,25-44,Femenino,1847.0,2012-01-01
Elda,Alicante,Spain,>=45,Femenino,2522.0,2012-01-01
Petrer,Alicante,Spain,<25,Masculino,346.0,2012-01-01
Petrer,Alicante,Spain,25-44,Masculino,1069.0,2012-01-01
Petrer,Alicante,Spain,>=45,Masculino,939.0,2012-01-01
Petrer,Alicante,Spain,<25,Femenino,236.0,2012-01-01
Petrer,Alicante,Spain,25-44,Femenino,1404.0,2012-01-01
Petrer,Alicante,Spain,>=45,Femenino,1640.0,2012-01-01
Santa Pola,Alicante,Spain,<25,Masculino,169.0,2012-01-01
Santa Pola,Alicante,Spain,25-44,Masculino,858.0,2012-01-01
Santa Pola,Alicante,Spain,>=45,Masculino,517.0,2012-01-01
Santa Pola,Alicante,Spain,<25,Femenino,135.0,2012-01-01
Santa Pola,Alicante,Spain,25-44,Femenino,964.0,2012-01-01
Santa Pola,Alicante,Spain,>=45,Femenino,609.0,2012-01-01
Altea,Alicante,Spain,<25,Masculino,85,2013-01-01
Altea,Alicante,Spain,25-44,Masculino,542,2013-01-01
Altea,Alicante,Spain,>=45,Masculino,452,2013-01-01
Altea,Alicante,Spain,<25,Femenino,80,2013-01-01
Altea,Alicante,Spain,25-44,Femenino,569,2013-01-01
Altea,Alicante,Spain,>=45,Femenino,431,2013-01-01
Benidorm,Alicante,Spain,<25,Masculino,337,2013-01-01
Benidorm,Alicante,Spain,25-44,Masculino,1830,2013-01-01
Benidorm,Alicante,Spain,>=45,Masculino,1475,2013-01-01
Benidorm,Alicante,Spain,<25,Femenino,323,2013-01-01
Benidorm,Alicante,Spain,25-44,Femenino,1963,2013-01-01
Benidorm,Alicante,Spain,>=45,Femenino,1758,2013-01-01
Elda,Alicante,Spain,<25,Masculino,442,2013-01-01
Elda,Alicante,Spain,25-44,Masculino,1698,2013-01-01
Elda,Alicante,Spain,>=45,Masculino,1646,2013-01-01
Elda,Alicante,Spain,<25,Femenino,359,2013-01-01
Elda,Alicante,Spain,25-44,Femenino,1916,2013-01-01
Elda,Alicante,Spain,>=45,Femenino,2669,2013-01-01
Petrer,Alicante,Spain,<25,Masculino,330,2013-01-01
Petrer,Alicante,Spain,25-44,Masculino,1100,2013-01-01
Petrer,Alicante,Spain,>=45,Masculino,1039,2013-01-01
Petrer,Alicante,Spain,<25,Femenino,241,2013-01-01
Petrer,Alicante,Spain,25-44,Femenino,1438,2013-01-01
Petrer,Alicante,Spain,>=45,Femenino,1821,2013-01-01
Santa Pola,Alicante,Spain,<25,Masculino,177,2013-01-01
Santa Pola,Alicante,Spain,25-44,Masculino,889,2013-01-01
Santa Pola,Alicante,Spain,>=45,Masculino,604,2013-01-01
Santa Pola,Alicante,Spain,<25,Femenino,145,2013-01-01
Santa Pola,Alicante,Spain,25-44,Femenino,998,2013-01-01
Santa Pola,Alicante,Spain,>=45,Femenino,670,2013-01-01
Altea,Alicante,Spain,<25,Masculino,67,2014-01-01
Altea,Alicante,Spain,25-44,Masculino,515,2014-01-01
Altea,Alicante,Spain,>=45,Masculino,453,2014-01-01
Altea,Alicante,Spain,<25,Femenino,71,2014-01-01
Altea,Alicante,Spain,25-44,Femenino,531,2014-01-01
Altea,Alicante,Spain,>=45,Femenino,466,2014-01-01
Benidorm,Alicante,Spain,<25,Masculino,346,2014-01-01
Benidorm,Alicante,Spain,25-44,Masculino,1762,2014-01-01
Benidorm,Alicante,Spain,>=45,Masculino,1555,2014-01-01
Benidorm,Alicante,Spain,<25,Femenino,318,2014-01-01
Benidorm,Alicante,Spain,25-44,Femenino,1867,2014-01-01
Benidorm,Alicante,Spain,>=45,Femenino,1877,2014-01-01
Elda,Alicante,Spain,<25,Masculino,423,2014-01-01
Elda,Alicante,Spain,25-44,Masculino,1459,2014-01-01
Elda,Alicante,Spain,>=45,Masculino,1588,2014-01-01
Elda,Alicante,Spain,<25,Femenino,332,2014-01-01
Elda,Alicante,Spain,25-44,Femenino,1817,2014-01-01
Elda,Alicante,Spain,>=45,Femenino,2654,2014-01-01
Petrer,Alicante,Spain,<25,Masculino,300,2014-01-01
Petrer,Alicante,Spain,25-44,Masculino,984,2014-01-01
Petrer,Alicante,Spain,>=45,Masculino,1038,2014-01-01
Petrer,Alicante,Spain,<25,Femenino,227,2014-01-01
Petrer,Alicante,Spain,25-44,Femenino,1340,2014-01-01
Petrer,Alicante,Spain,>=45,Femenino,1863,2014-01-01
Santa Pola,Alicante,Spain,<25,Masculino,151,2014-01-01
Santa Pola,Alicante,Spain,25-44,Masculino,803,2014-01-01
Santa Pola,Alicante,Spain,>=45,Masculino,645,2014-01-01
Santa Pola,Alicante,Spain,<25,Femenino,131,2014-01-01
Santa Pola,Alicante,Spain,25-44,Femenino,967,2014-01-01
Santa Pola,Alicante,Spain,>=45,Femenino,734,2014-01-01
Altea,Alicante,Spain,<25,Masculino,56,2015-01-01
Altea,Alicante,Spain,25-44,Masculino,466,2015-01-01
Altea,Alicante,Spain,>=45,Masculino,443,2015-01-01
Altea,Alicante,Spain,<25,Femenino,68,2015-01-01
Altea,Alicante,Spain,25-44,Femenino,522,2015-01-01
Altea,Alicante,Spain,>=45,Femenino,490,2015-01-01
Benidorm,Alicante,Spain,<25,Masculino,333,2015-01-01
Benidorm,Alicante,Spain,25-44,Masculino,1630,2015-01-01
Benidorm,Alicante,Spain,>=45,Masculino,1579,2015-01-01
Benidorm,Alicante,Spain,<25,Femenino,262,2015-01-01
Benidorm,Alicante,Spain,25-44,Femenino,1875,2015-01-01
Benidorm,Alicante,Spain,>=45,Femenino,1908,2015-01-01
Elda,Alicante,Spain,<25,Masculino,366,2015-01-01
Elda,Alicante,Spain,25-44,Masculino,1256,2015-01-01
Elda,Alicante,Spain,>=45,Masculino,1521,2015-01-01
Elda,Alicante,Spain,<25,Femenino,290,2015-01-01
Elda,Alicante,Spain,25-44,Femenino,1703,2015-01-01
Elda,Alicante,Spain,>=45,Femenino,2559,2015-01-01
Petrer,Alicante,Spain,<25,Masculino,246,2015-01-01
Petrer,Alicante,Spain,25-44,Masculino,818,2015-01-01
Petrer,Alicante,Spain,>=45,Masculino,954,2015-01-01
Petrer,Alicante,Spain,<25,Femenino,199,2015-01-01
Petrer,Alicante,Spain,25-44,Femenino,1268,2015-01-01
Petrer,Alicante,Spain,>=45,Femenino,1833,2015-01-01
Santa Pola,Alicante,Spain,<25,Masculino,150,2015-01-01
Santa Pola,Alicante,Spain,25-44,Masculino,730,2015-01-01
Santa Pola,Alicante,Spain,>=45,Masculino,603,2015-01-01
Santa Pola,Alicante,Spain,<25,Femenino,135,2015-01-01
Santa Pola,Alicante,Spain,25-44,Femenino,969,2015-01-01
Santa Pola,Alicante,Spain,>=45,Femenino,770,2015-01-01
Altea,Alicante,Spain,<25,Masculino,63,2016-01-01
Altea,Alicante,Spain,25-44,Masculino,374,2016-01-01
Altea,Alicante,Spain,>=45,Masculino,428,2016-01-01
Altea,Alicante,Spain,<25,Femenino,64,2016-01-01
Altea,Alicante,Spain,25-44,Femenino,469,2016-01-01
Altea,Alicante,Spain,>=45,Femenino,465,2016-01-01
Benidorm,Alicante,Spain,<25,Masculino,277,2016-01-01
Benidorm,Alicante,Spain,25-44,Masculino,1459,2016-01-01
Benidorm,Alicante,Spain,>=45,Masculino,1482,2016-01-01
Benidorm,Alicante,Spain,<25,Femenino,230,2016-01-01
Benidorm,Alicante,Spain,25-44,Femenino,1708,2016-01-01
Benidorm,Alicante,Spain,>=45,Femenino,1909,2016-01-01
Elda,Alicante,Spain,<25,Masculino,291,2016-01-01
Elda,Alicante,Spain,25-44,Masculino,1084,2016-01-01
Elda,Alicante,Spain,>=45,Masculino,1380,2016-01-01
Elda,Alicante,Spain,<25,Femenino,219,2016-01-01
Elda,Alicante,Spain,25-44,Femenino,1460,2016-01-01
Elda,Alicante,Spain,>=45,Femenino,2453,2016-01-01
Petrer,Alicante,Spain,<25,Masculino,180,2016-01-01
Petrer,Alicante,Spain,25-44,Masculino,658,2016-01-01
Petrer,Alicante,Spain,>=45,Masculino,880,2016-01-01
Petrer,Alicante,Spain,<25,Femenino,141,2016-01-01
Petrer,Alicante,Spain,25-44,Femenino,1052,2016-01-01
Petrer,Alicante,Spain,>=45,Femenino,1812,2016-01-01
Santa Pola,Alicante,Spain,<25,Masculino,122,2016-01-01
Santa Pola,Alicante,Spain,25-44,Masculino,642,2016-01-01
Santa Pola,Alicante,Spain,>=45,Masculino,590,2016-01-01
Santa Pola,Alicante,Spain,<25,Femenino,113,2016-01-01
Santa Pola,Alicante,Spain,25-44,Femenino,849,2016-01-01
Santa Pola,Alicante,Spain,>=45,Femenino,788,2016-01-01
Altea,Alicante,Spain,<25,Masculino,64,2017-01-01
Altea,Alicante,Spain,25-44,Masculino,335,2017-01-01
Altea,Alicante,Spain,>=45,Masculino,401,2017-01-01
Altea,Alicante,Spain,<25,Femenino,44,2017-01-01
Altea,Alicante,Spain,25-44,Femenino,469,2017-01-01
Altea,Alicante,Spain,>=45,Femenino,451,2017-01-01
Benidorm,Alicante,Spain,<25,Masculino,225,2017-01-01
Benidorm,Alicante,Spain,25-44,Masculino,1306,2017-01-01
Benidorm,Alicante,Spain,>=45,Masculino,1385,2017-01-01
Benidorm,Alicante,Spain,<25,Femenino,185,2017-01-01
Benidorm,Alicante,Spain,25-44,Femenino,1575,2017-01-01
Benidorm,Alicante,Spain,>=45,Femenino,1831,2017-01-01
Elda,Alicante,Spain,<25,Masculino,243,2017-01-01
Elda,Alicante,Spain,25-44,Masculino,917,2017-01-01
Elda,Alicante,Spain,>=45,Masculino,1268,2017-01-01
Elda,Alicante,Spain,<25,Femenino,179,2017-01-01
Elda,Alicante,Spain,25-44,Femenino,1298,2017-01-01
Elda,Alicante,Spain,>=45,Femenino,2379,2017-01-01
Petrer,Alicante,Spain,<25,Masculino,141,2017-01-01
Petrer,Alicante,Spain,25-44,Masculino,546,2017-01-01
Petrer,Alicante,Spain,>=45,Masculino,825,2017-01-01
Petrer,Alicante,Spain,<25,Femenino,114,2017-01-01
Petrer,Alicante,Spain,25-44,Femenino,896,2017-01-01
Petrer,Alicante,Spain,>=45,Femenino,1776,2017-01-01
Santa Pola,Alicante,Spain,<25,Masculino,98,2017-01-01
Santa Pola,Alicante,Spain,25-44,Masculino,580,2017-01-01
Santa Pola,Alicante,Spain,>=45,Masculino,543,2017-01-01
Santa Pola,Alicante,Spain,<25,Femenino,92,2017-01-01
Santa Pola,Alicante,Spain,25-44,Femenino,790,2017-01-01
Santa Pola,Alicante,Spain,>=45,Femenino,777,2017-01-01
Altea,Alicante,Spain,<25,Masculino,47,2018-01-01
Altea,Alicante,Spain,25-44,Masculino,282,2018-01-01
Altea,Alicante,Spain,>=45,Masculino,380,2018-01-01
Altea,Alicante,Spain,<25,Femenino,41,2018-01-01
Altea,Alicante,Spain,25-44,Femenino,427,2018-01-01
Altea,Alicante,Spain,>=45,Femenino,436,2018-01-01
Benidorm,Alicante,Spain,<25,Masculino,234,2018-01-01
Benidorm,Alicante,Spain,25-44,Masculino,1183,2018-01-01
Benidorm,Alicante,Spain,>=45,Masculino,1288,2018-01-01
Benidorm,Alicante,Spain,<25,Femenino,180,2018-01-01
Benidorm,Alicante,Spain,25-44,Femenino,1502,2018-01-01
Benidorm,Alicante,Spain,>=45,Femenino,1805,2018-01-01
Elda,Alicante,Spain,<25,Masculino,250,2018-01-01
Elda,Alicante,Spain,25-44,Masculino,853,2018-01-01
Elda,Alicante,Spain,>=45,Masculino,1181,2018-01-01
Elda,Alicante,Spain,<25,Femenino,209,2018-01-01
Elda,Alicante,Spain,25-44,Femenino,1220,2018-01-01
Elda,Alicante,Spain,>=45,Femenino,2235,2018-01-01
Petrer,Alicante,Spain,<25,Masculino,119,2018-01-01
Petrer,Alicante,Spain,25-44,Masculino,466,2018-01-01
Petrer,Alicante,Spain,>=45,Masculino,810,2018-01-01
Petrer,Alicante,Spain,<25,Femenino,113,2018-01-01
Petrer,Alicante,Spain,25-44,Femenino,884,2018-01-01
Petrer,Alicante,Spain,>=45,Femenino,1681,2018-01-01
Santa Pola,Alicante,Spain,<25,Masculino,87,2018-01-01
Santa Pola,Alicante,Spain,25-44,Masculino,484,2018-01-01
Santa Pola,Alicante,Spain,>=45,Masculino,543,2018-01-01
Santa Pola,Alicante,Spain,<25,Femenino,91,2018-01-01
Santa Pola,Alicante,Spain,25-44,Femenino,752,2018-01-01
Santa Pola,Alicante,Spain,>=45,Femenino,807,2018-01-01
Altea,Alicante,Spain,<25,Masculino,57,2019-01-01
Altea,Alicante,Spain,25-44,Masculino,261,2019-01-01
Altea,Alicante,Spain,>=45,Masculino,359,2019-01-01
Altea,Alicante,Spain,<25,Femenino,55,2019-01-01
Altea,Alicante,Spain,25-44,Femenino,369,2019-01-01
Altea,Alicante,Spain,>=45,Femenino,454,2019-01-01
Benidorm,Alicante,Spain,<25,Masculino,225,2019-01-01
Benidorm,Alicante,Spain,25-44,Masculino,1126,2019-01-01
Benidorm,Alicante,Spain,>=45,Masculino,1277,2019-01-01
Benidorm,Alicante,Spain,<25,Femenino,204,2019-01-01
Benidorm,Alicante,Spain,25-44,Femenino,1494,2019-01-01
Benidorm,Alicante,Spain,>=45,Femenino,1816,2019-01-01
Elda,Alicante,Spain,<25,Masculino,239,2019-01-01
Elda,Alicante,Spain,25-44,Masculino,757,2019-01-01
Elda,Alicante,Spain,>=45,Masculino,1109,2019-01-01
Elda,Alicante,Spain,<25,Femenino,193,2019-01-01
Elda,Alicante,Spain,25-44,Femenino,1161,2019-01-01
Elda,Alicante,Spain,>=45,Femenino,2105,2019-01-01
Petrer,Alicante,Spain,<25,Masculino,143,2019-01-01
Petrer,Alicante,Spain,25-44,Masculino,453,2019-01-01
Petrer,Alicante,Spain,>=45,Masculino,760,2019-01-01
Petrer,Alicante,Spain,<25,Femenino,88,2019-01-01
Petrer,Alicante,Spain,25-44,Femenino,817,2019-01-01
Petrer,Alicante,Spain,>=45,Femenino,1669,2019-01-01
Santa Pola,Alicante,Spain,<25,Masculino,83,2019-01-01
Santa Pola,Alicante,Spain,25-44,Masculino,428,2019-01-01
Santa Pola,Alicante,Spain,>=45,Masculino,530,2019-01-01
Santa Pola,Alicante,Spain,<25,Femenino,95,2019-01-01
Santa Pola,Alicante,Spain,25-44,Femenino,688,2019-01-01
Santa Pola,Alicante,Spain,>=45,Femenino,773,2019-01-01
Altea,Alicante,Spain,<25,Masculino,45,2020-01-01
Altea,Alicante,Spain,25-44,Masculino,222,2020-01-01
Altea,Alicante,Spain,>=45,Masculino,374,2020-01-01
Altea,Alicante,Spain,<25,Femenino,53,2020-01-01
Altea,Alicante,Spain,25-44,Femenino,361,2020-01-01
Altea,Alicante,Spain,>=45,Femenino,445,2020-01-01
Benidorm,Alicante,Spain,<25,Masculino,262,2020-01-01
Benidorm,Alicante,Spain,25-44,Masculino,1091,2020-01-01
Benidorm,Alicante,Spain,>=45,Masculino,1238,2020-01-01
Benidorm,Alicante,Spain,<25,Femenino,190,2020-01-01
Benidorm,Alicante,Spain,25-44,Femenino,1396,2020-01-01
Benidorm,Alicante,Spain,>=45,Femenino,1794,2020-01-01
Elda,Alicante,Spain,<25,Masculino,227,2020-01-01
Elda,Alicante,Spain,25-44,Masculino,777,2020-01-01
Elda,Alicante,Spain,>=45,Masculino,1051,2020-01-01
Elda,Alicante,Spain,<25,Femenino,206,2020-01-01
Elda,Alicante,Spain,25-44,Femenino,1096,2020-01-01
Elda,Alicante,Spain,>=45,Femenino,2024,2020-01-01
Petrer,Alicante,Spain,<25,Masculino,129,2020-01-01
Petrer,Alicante,Spain,25-44,Masculino,409,2020-01-01
Petrer,Alicante,Spain,>=45,Masculino,768,2020-01-01
Petrer,Alicante,Spain,<25,Femenino,94,2020-01-01
Petrer,Alicante,Spain,25-44,Femenino,694,2020-01-01
Petrer,Alicante,Spain,>=45,Femenino,1573,2020-01-01
Santa Pola,Alicante,Spain,<25,Masculino,77,2020-01-01
Santa Pola,Alicante,Spain,25-44,Masculino,448,2020-01-01
Santa Pola,Alicante,Spain,>=45,Masculino,578,2020-01-01
Santa Pola,Alicante,Spain,<25,Femenino,94,2020-01-01
Santa Pola,Alicante,Spain,25-44,Femenino,685,2020-01-01
Santa Pola,Alicante,Spain,>=45,Femenino,829,2020-01-01
Altea,Alicante,Spain,<25,Masculino,134,2021-01-01
Altea,Alicante,Spain,25-44,Masculino,364,2021-01-01
Altea,Alicante,Spain,>=45,Masculino,475,2021-01-01
Altea,Alicante,Spain,<25,Femenino,99,2021-01-01
Altea,Alicante,Spain,25-44,Femenino,495,2021-01-01
Altea,Alicante,Spain,>=45,Femenino,556,2021-01-01
Benidorm,Alicante,Spain,<25,Masculino,446,2021-01-01
Benidorm,Alicante,Spain,25-44,Masculino,1812,2021-01-01
Benidorm,Alicante,Spain,>=45,Masculino,1789,2021-01-01
Benidorm,Alicante,Spain,<25,Femenino,376,2021-01-01
Benidorm,Alicante,Spain,25-44,Femenino,2162,2021-01-01
Benidorm,Alicante,Spain,>=45,Femenino,2412,2021-01-01
Elda,Alicante,Spain,<25,Masculino,351,2021-01-01
Elda,Alicante,Spain,25-44,Masculino,1024,2021-01-01
Elda,Alicante,Spain,>=45,Masculino,1206,2021-01-01
Elda,Alicante,Spain,<25,Femenino,302,2021-01-01
Elda,Alicante,Spain,25-44,Femenino,1397,2021-01-01
Elda,Alicante,Spain,>=45,Femenino,2123,2021-01-01
Petrer,Alicante,Spain,<25,Masculino,182,2021-01-01
Petrer,Alicante,Spain,25-44,Masculino,541,2021-01-01
Petrer,Alicante,Spain,>=45,Masculino,813,2021-01-01
Petrer,Alicante,Spain,<25,Femenino,150,2021-01-01
Petrer,Alicante,Spain,25-44,Femenino,797,2021-01-01
Petrer,Alicante,Spain,>=45,Femenino,1616,2021-01-01
Santa Pola,Alicante,Spain,<25,Masculino,111,2021-01-01
Santa Pola,Alicante,Spain,25-44,Masculino,620,2021-01-01
Santa Pola,Alicante,Spain,>=45,Masculino,696,2021-01-01
Santa Pola,Alicante,Spain,<25,Femenino,131,2021-01-01
Santa Pola,Alicante,Spain,25-44,Femenino,867,2021-01-01
Santa Pola,Alicante,Spain,>=45,Femenino,996,2021-01-01
Altea,Alicante,Spain,<25,Masculino,51,2020-02-01
Altea,Alicante,Spain,25-44,Masculino,210,2020-02-01
Altea,Alicante,Spain,>=45,Masculino,360,2020-02-01
Altea,Alicante,Spain,<25,Femenino,54,2020-02-01
Altea,Alicante,Spain,25-44,Femenino,336,2020-02-01
Altea,Alicante,Spain,>=45,Femenino,442,2020-02-01
Benidorm,Alicante,Spain,<25,Masculino,254,2020-02-01
Benidorm,Alicante,Spain,25-44,Masculino,965,2020-02-01
Benidorm,Alicante,Spain,>=45,Masculino,1165,2020-02-01
Benidorm,Alicante,Spain,<25,Femenino,200,2020-02-01
Benidorm,Alicante,Spain,25-44,Femenino,1291,2020-02-01
Benidorm,Alicante,Spain,>=45,Femenino,1749,2020-02-01
Elda,Alicante,Spain,<25,Masculino,245,2020-02-01
Elda,Alicante,Spain,25-44,Masculino,799,2020-02-01
Elda,Alicante,Spain,>=45,Masculino,1045,2020-02-01
Elda,Alicante,Spain,<25,Femenino,211,2020-02-01
Elda,Alicante,Spain,25-44,Femenino,1111,2020-02-01
Elda,Alicante,Spain,>=45,Femenino,2020,2020-02-01
Petrer,Alicante,Spain,<25,Masculino,139,2020-02-01
Petrer,Alicante,Spain,25-44,Masculino,392,2020-02-01
Petrer,Alicante,Spain,>=45,Masculino,745,2020-02-01
Petrer,Alicante,Spain,<25,Femenino,95,2020-02-01
Petrer,Alicante,Spain,25-44,Femenino,711,2020-02-01
Petrer,Alicante,Spain,>=45,Femenino,1583,2020-02-01
Santa Pola,Alicante,Spain,<25,Masculino,87,2020-02-01
Santa Pola,Alicante,Spain,25-44,Masculino,422,2020-02-01
Santa Pola,Alicante,Spain,>=45,Masculino,583,2020-02-01
Santa Pola,Alicante,Spain,<25,Femenino,99,2020-02-01
Santa Pola,Alicante,Spain,25-44,Femenino,691,2020-02-01
Santa Pola,Alicante,Spain,>=45,Femenino,850,2020-02-01
Altea,Alicante,Spain,<25,Masculino,139,2021-02-01
Altea,Alicante,Spain,25-44,Masculino,376,2021-02-01
Altea,Alicante,Spain,>=45,Masculino,469,2021-02-01
Altea,Alicante,Spain,<25,Femenino,105,2021-02-01
Altea,Alicante,Spain,25-44,Femenino,507,2021-02-01
Altea,Alicante,Spain,>=45,Femenino,562,2021-02-01
Benidorm,Alicante,Spain,<25,Masculino,469,2021-02-01
Benidorm,Alicante,Spain,25-44,Masculino,1860,2021-02-01
Benidorm,Alicante,Spain,>=45,Masculino,1811,2021-02-01
Benidorm,Alicante,Spain,<25,Femenino,396,2021-02-01
Benidorm,Alicante,Spain,25-44,Femenino,2267,2021-02-01
Benidorm,Alicante,Spain,>=45,Femenino,2461,2021-02-01
Elda,Alicante,Spain,<25,Masculino,350,2021-02-01
Elda,Alicante,Spain,25-44,Masculino,1029,2021-02-01
Elda,Alicante,Spain,>=45,Masculino,1234,2021-02-01
Elda,Alicante,Spain,<25,Femenino,305,2021-02-01
Elda,Alicante,Spain,25-44,Femenino,1419,2021-02-01
Elda,Alicante,Spain,>=45,Femenino,2134,2021-02-01
Petrer,Alicante,Spain,<25,Masculino,193,2021-02-01
Petrer,Alicante,Spain,25-44,Masculino,535,2021-02-01
Petrer,Alicante,Spain,>=45,Masculino,821,2021-02-01
Petrer,Alicante,Spain,<25,Femenino,152,2021-02-01
Petrer,Alicante,Spain,25-44,Femenino,800,2021-02-01
Petrer,Alicante,Spain,>=45,Femenino,1622,2021-02-01
Santa Pola,Alicante,Spain,<25,Masculino,119,2021-02-01
Santa Pola,Alicante,Spain,25-44,Masculino,636,2021-02-01
Santa Pola,Alicante,Spain,>=45,Masculino,710,2021-02-01
Santa Pola,Alicante,Spain,<25,Femenino,137,2021-02-01
Santa Pola,Alicante,Spain,25-44,Femenino,888,2021-02-01
Santa Pola,Alicante,Spain,>=45,Femenino,1010,2021-02-01
Altea,Alicante,Spain,<25,Masculino,60,2020-03-01
Altea,Alicante,Spain,25-44,Masculino,287,2020-03-01
Altea,Alicante,Spain,>=45,Masculino,385,2020-03-01
Altea,Alicante,Spain,<25,Femenino,57,2020-03-01
Altea,Alicante,Spain,25-44,Femenino,382,2020-03-01
Altea,Alicante,Spain,>=45,Femenino,471,2020-03-01
Benidorm,Alicante,Spain,<25,Masculino,294,2020-03-01
Benidorm,Alicante,Spain,25-44,Masculino,1296,2020-03-01
Benidorm,Alicante,Spain,>=45,Masculino,1352,2020-03-01
Benidorm,Alicante,Spain,<25,Femenino,260,2020-03-01
Benidorm,Alicante,Spain,25-44,Femenino,1666,2020-03-01
Benidorm,Alicante,Spain,>=45,Femenino,1963,2020-03-01
Elda,Alicante,Spain,<25,Masculino,264,2020-03-01
Elda,Alicante,Spain,25-44,Masculino,947,2020-03-01
Elda,Alicante,Spain,>=45,Masculino,1184,2020-03-01
Elda,Alicante,Spain,<25,Femenino,235,2020-03-01
Elda,Alicante,Spain,25-44,Femenino,1280,2020-03-01
Elda,Alicante,Spain,>=45,Femenino,2110,2020-03-01
Petrer,Alicante,Spain,<25,Masculino,162,2020-03-01
Petrer,Alicante,Spain,25-44,Masculino,545,2020-03-01
Petrer,Alicante,Spain,>=45,Masculino,851,2020-03-01
Petrer,Alicante,Spain,<25,Femenino,109,2020-03-01
Petrer,Alicante,Spain,25-44,Femenino,803,2020-03-01
Petrer,Alicante,Spain,>=45,Femenino,1670,2020-03-01
Santa Pola,Alicante,Spain,<25,Masculino,85,2020-03-01
Santa Pola,Alicante,Spain,25-44,Masculino,512,2020-03-01
Santa Pola,Alicante,Spain,>=45,Masculino,638,2020-03-01
Santa Pola,Alicante,Spain,<25,Femenino,102,2020-03-01
Santa Pola,Alicante,Spain,25-44,Femenino,754,2020-03-01
Santa Pola,Alicante,Spain,>=45,Femenino,873,2020-03-01
Altea,Alicante,Spain,<25,Masculino,132,2021-03-01
Altea,Alicante,Spain,25-44,Masculino,349,2021-03-01
Altea,Alicante,Spain,>=45,Masculino,450,2021-03-01
Altea,Alicante,Spain,<25,Femenino,95,2021-03-01
Altea,Alicante,Spain,25-44,Femenino,473,2021-03-01
Altea,Alicante,Spain,>=45,Femenino,556,2021-03-01
Benidorm,Alicante,Spain,<25,Masculino,479,2021-03-01
Benidorm,Alicante,Spain,25-44,Masculino,1772,2021-03-01
Benidorm,Alicante,Spain,>=45,Masculino,1770,2021-03-01
Benidorm,Alicante,Spain,<25,Femenino,393,2021-03-01
Benidorm,Alicante,Spain,25-44,Femenino,2201,2021-03-01
Benidorm,Alicante,Spain,>=45,Femenino,2424,2021-03-01
Elda,Alicante,Spain,<25,Masculino,349,2021-03-01
Elda,Alicante,Spain,25-44,Masculino,1022,2021-03-01
Elda,Alicante,Spain,>=45,Masculino,1228,2021-03-01
Elda,Alicante,Spain,<25,Femenino,287,2021-03-01
Elda,Alicante,Spain,25-44,Femenino,1417,2021-03-01
Elda,Alicante,Spain,>=45,Femenino,2135,2021-03-01
Petrer,Alicante,Spain,<25,Masculino,184,2021-03-01
Petrer,Alicante,Spain,25-44,Masculino,518,2021-03-01
Petrer,Alicante,Spain,>=45,Masculino,807,2021-03-01
Petrer,Alicante,Spain,<25,Femenino,146,2021-03-01
Petrer,Alicante,Spain,25-44,Femenino,804,2021-03-01
Petrer,Alicante,Spain,>=45,Femenino,1626,2021-03-01
Santa Pola,Alicante,Spain,<25,Masculino,108,2021-03-01
Santa Pola,Alicante,Spain,25-44,Masculino,581,2021-03-01
Santa Pola,Alicante,Spain,>=45,Masculino,668,2021-03-01
Santa Pola,Alicante,Spain,<25,Femenino,127,2021-03-01
Santa Pola,Alicante,Spain,25-44,Femenino,847,2021-03-01
Santa Pola,Alicante,Spain,>=45,Femenino,1006,2021-03-01
Altea,Alicante,Spain,<25,Masculino,69,2020-04-01
Altea,Alicante,Spain,25-44,Masculino,329,2020-04-01
Altea,Alicante,Spain,>=45,Masculino,416,2020-04-01
Altea,Alicante,Spain,<25,Femenino,72,2020-04-01
Altea,Alicante,Spain,25-44,Femenino,414,2020-04-01
Altea,Alicante,Spain,>=45,Femenino,500,2020-04-01
Benidorm,Alicante,Spain,<25,Masculino,363,2020-04-01
Benidorm,Alicante,Spain,25-44,Masculino,1577,2020-04-01
Benidorm,Alicante,Spain,>=45,Masculino,1516,2020-04-01
Benidorm,Alicante,Spain,<25,Femenino,326,2020-04-01
Benidorm,Alicante,Spain,25-44,Femenino,1882,2020-04-01
Benidorm,Alicante,Spain,>=45,Femenino,2104,2020-04-01
Elda,Alicante,Spain,<25,Masculino,288,2020-04-01
Elda,Alicante,Spain,25-44,Masculino,1062,2020-04-01
Elda,Alicante,Spain,>=45,Masculino,1241,2020-04-01
Elda,Alicante,Spain,<25,Femenino,252,2020-04-01
Elda,Alicante,Spain,25-44,Femenino,1375,2020-04-01
Elda,Alicante,Spain,>=45,Femenino,2150,2020-04-01
Petrer,Alicante,Spain,<25,Masculino,187,2020-04-01
Petrer,Alicante,Spain,25-44,Masculino,616,2020-04-01
Petrer,Alicante,Spain,>=45,Masculino,885,2020-04-01
Petrer,Alicante,Spain,<25,Femenino,122,2020-04-01
Petrer,Alicante,Spain,25-44,Femenino,835,2020-04-01
Petrer,Alicante,Spain,>=45,Femenino,1706,2020-04-01
Santa Pola,Alicante,Spain,<25,Masculino,99,2020-04-01
Santa Pola,Alicante,Spain,25-44,Masculino,591,2020-04-01
Santa Pola,Alicante,Spain,>=45,Masculino,685,2020-04-01
Santa Pola,Alicante,Spain,<25,Femenino,120,2020-04-01
Santa Pola,Alicante,Spain,25-44,Femenino,828,2020-04-01
Santa Pola,Alicante,Spain,>=45,Femenino,911,2020-04-01
Altea,Alicante,Spain,<25,Masculino,125,2021-04-01
Altea,Alicante,Spain,25-44,Masculino,321,2021-04-01
Altea,Alicante,Spain,>=45,Masculino,444,2021-04-01
Altea,Alicante,Spain,<25,Femenino,95,2021-04-01
Altea,Alicante,Spain,25-44,Femenino,476,2021-04-01
Altea,Alicante,Spain,>=45,Femenino,541,2021-04-01
Benidorm,Alicante,Spain,<25,Masculino,474,2021-04-01
Benidorm,Alicante,Spain,25-44,Masculino,1680,2021-04-01
Benidorm,Alicante,Spain,>=45,Masculino,1753,2021-04-01
Benidorm,Alicante,Spain,<25,Femenino,381,2021-04-01
Benidorm,Alicante,Spain,25-44,Femenino,2149,2021-04-01
Benidorm,Alicante,Spain,>=45,Femenino,2395,2021-04-01
Elda,Alicante,Spain,<25,Masculino,337,2021-04-01
Elda,Alicante,Spain,25-44,Masculino,1003,2021-04-01
Elda,Alicante,Spain,>=45,Masculino,1227,2021-04-01
Elda,Alicante,Spain,<25,Femenino,294,2021-04-01
Elda,Alicante,Spain,25-44,Femenino,1400,2021-04-01
Elda,Alicante,Spain,>=45,Femenino,2138,2021-04-01
Petrer,Alicante,Spain,<25,Masculino,180,2021-04-01
Petrer,Alicante,Spain,25-44,Masculino,513,2021-04-01
Petrer,Alicante,Spain,>=45,Masculino,814,2021-04-01
Petrer,Alicante,Spain,<25,Femenino,148,2021-04-01
Petrer,Alicante,Spain,25-44,Femenino,809,2021-04-01
Petrer,Alicante,Spain,>=45,Femenino,1639,2021-04-01
Santa Pola,Alicante,Spain,<25,Masculino,108,2021-04-01
Santa Pola,Alicante,Spain,25-44,Masculino,587,2021-04-01
Santa Pola,Alicante,Spain,>=45,Masculino,696,2021-04-01
Santa Pola,Alicante,Spain,<25,Femenino,126,2021-04-01
Santa Pola,Alicante,Spain,25-44,Femenino,840,2021-04-01
Santa Pola,Alicante,Spain,>=45,Femenino,1019,2021-04-01
Altea,Alicante,Spain,<25,Masculino,75,2020-05-01
Altea,Alicante,Spain,25-44,Masculino,323,2020-05-01
Altea,Alicante,Spain,>=45,Masculino,414,2020-05-01
Altea,Alicante,Spain,<25,Femenino,72,2020-05-01
Altea,Alicante,Spain,25-44,Femenino,433,2020-05-01
Altea,Alicante,Spain,>=45,Femenino,504,2020-05-01
Benidorm,Alicante,Spain,<25,Masculino,388,2020-05-01
Benidorm,Alicante,Spain,25-44,Masculino,1627,2020-05-01
Benidorm,Alicante,Spain,>=45,Masculino,1536,2020-05-01
Benidorm,Alicante,Spain,<25,Femenino,341,2020-05-01
Benidorm,Alicante,Spain,25-44,Femenino,1949,2020-05-01
Benidorm,Alicante,Spain,>=45,Femenino,2164,2020-05-01
Elda,Alicante,Spain,<25,Masculino,297,2020-05-01
Elda,Alicante,Spain,25-44,Masculino,1017,2020-05-01
Elda,Alicante,Spain,>=45,Masculino,1196,2020-05-01
Elda,Alicante,Spain,<25,Femenino,259,2020-05-01
Elda,Alicante,Spain,25-44,Femenino,1372,2020-05-01
Elda,Alicante,Spain,>=45,Femenino,2118,2020-05-01
Petrer,Alicante,Spain,<25,Masculino,189,2020-05-01
Petrer,Alicante,Spain,25-44,Masculino,587,2020-05-01
Petrer,Alicante,Spain,>=45,Masculino,835,2020-05-01
Petrer,Alicante,Spain,<25,Femenino,134,2020-05-01
Petrer,Alicante,Spain,25-44,Femenino,827,2020-05-01
Petrer,Alicante,Spain,>=45,Femenino,1682,2020-05-01
Santa Pola,Alicante,Spain,<25,Masculino,108,2020-05-01
Santa Pola,Alicante,Spain,25-44,Masculino,558,2020-05-01
Santa Pola,Alicante,Spain,>=45,Masculino,673,2020-05-01
Santa Pola,Alicante,Spain,<25,Femenino,117,2020-05-01
Santa Pola,Alicante,Spain,25-44,Femenino,810,2020-05-01
Santa Pola,Alicante,Spain,>=45,Femenino,918,2020-05-01
Altea,Alicante,Spain,<25,Masculino,124,2021-05-01
Altea,Alicante,Spain,25-44,Masculino,303,2021-05-01
Altea,Alicante,Spain,>=45,Masculino,442,2021-05-01
Altea,Alicante,Spain,<25,Femenino,85,2021-05-01
Altea,Alicante,Spain,25-44,Femenino,451,2021-05-01
Altea,Alicante,Spain,>=45,Femenino,549,2021-05-01
Benidorm,Alicante,Spain,<25,Masculino,403,2021-05-01
Benidorm,Alicante,Spain,25-44,Masculino,1516,2021-05-01
Benidorm,Alicante,Spain,>=45,Masculino,1684,2021-05-01
Benidorm,Alicante,Spain,<25,Femenino,334,2021-05-01
Benidorm,Alicante,Spain,25-44,Femenino,1974,2021-05-01
Benidorm,Alicante,Spain,>=45,Femenino,2370,2021-05-01
Elda,Alicante,Spain,<25,Masculino,314,2021-05-01
Elda,Alicante,Spain,25-44,Masculino,964,2021-05-01
Elda,Alicante,Spain,>=45,Masculino,1201,2021-05-01
Elda,Alicante,Spain,<25,Femenino,281,2021-05-01
Elda,Alicante,Spain,25-44,Femenino,1359,2021-05-01
Elda,Alicante,Spain,>=45,Femenino,2116,2021-05-01
Petrer,Alicante,Spain,<25,Masculino,173,2021-05-01
Petrer,Alicante,Spain,25-44,Masculino,493,2021-05-01
Petrer,Alicante,Spain,>=45,Masculino,798,2021-05-01
Petrer,Alicante,Spain,<25,Femenino,136,2021-05-01
Petrer,Alicante,Spain,25-44,Femenino,784,2021-05-01
Petrer,Alicante,Spain,>=45,Femenino,1630,2021-05-01
Santa Pola,Alicante,Spain,<25,Masculino,93,2021-05-01
Santa Pola,Alicante,Spain,25-44,Masculino,533,2021-05-01
Santa Pola,Alicante,Spain,>=45,Masculino,680,2021-05-01
Santa Pola,Alicante,Spain,<25,Femenino,103,2021-05-01
Santa Pola,Alicante,Spain,25-44,Femenino,807,2021-05-01
Santa Pola,Alicante,Spain,>=45,Femenino,1020,2021-05-01
Altea,Alicante,Spain,<25,Masculino,108,2020-06-01
Altea,Alicante,Spain,25-44,Masculino,309,2020-06-01
Altea,Alicante,Spain,>=45,Masculino,413,2020-06-01
Altea,Alicante,Spain,<25,Femenino,112,2020-06-01
Altea,Alicante,Spain,25-44,Femenino,432,2020-06-01
Altea,Alicante,Spain,>=45,Femenino,511,2020-06-01
Benidorm,Alicante,Spain,<25,Masculino,458,2020-06-01
Benidorm,Alicante,Spain,25-44,Masculino,1583,2020-06-01
Benidorm,Alicante,Spain,>=45,Masculino,1537,2020-06-01
Benidorm,Alicante,Spain,<25,Femenino,394,2020-06-01
Benidorm,Alicante,Spain,25-44,Femenino,1918,2020-06-01
Benidorm,Alicante,Spain,>=45,Femenino,2123,2020-06-01
Elda,Alicante,Spain,<25,Masculino,370,2020-06-01
Elda,Alicante,Spain,25-44,Masculino,1000,2020-06-01
Elda,Alicante,Spain,>=45,Masculino,1197,2020-06-01
Elda,Alicante,Spain,<25,Femenino,325,2020-06-01
Elda,Alicante,Spain,25-44,Femenino,1435,2020-06-01
Elda,Alicante,Spain,>=45,Femenino,2151,2020-06-01
Petrer,Alicante,Spain,<25,Masculino,235,2020-06-01
Petrer,Alicante,Spain,25-44,Masculino,583,2020-06-01
Petrer,Alicante,Spain,>=45,Masculino,809,2020-06-01
Petrer,Alicante,Spain,<25,Femenino,172,2020-06-01
Petrer,Alicante,Spain,25-44,Femenino,840,2020-06-01
Petrer,Alicante,Spain,>=45,Femenino,1695,2020-06-01
Santa Pola,Alicante,Spain,<25,Masculino,145,2020-06-01
Santa Pola,Alicante,Spain,25-44,Masculino,539,2020-06-01
Santa Pola,Alicante,Spain,>=45,Masculino,677,2020-06-01
Santa Pola,Alicante,Spain,<25,Femenino,144,2020-06-01
Santa Pola,Alicante,Spain,25-44,Femenino,775,2020-06-01
Santa Pola,Alicante,Spain,>=45,Femenino,924,2020-06-01
Altea,Alicante,Spain,<25,Masculino,108,2021-06-01
Altea,Alicante,Spain,25-44,Masculino,262,2021-06-01
Altea,Alicante,Spain,>=45,Masculino,430,2021-06-01
Altea,Alicante,Spain,<25,Femenino,62,2021-06-01
Altea,Alicante,Spain,25-44,Femenino,388,2021-06-01
Altea,Alicante,Spain,>=45,Femenino,527,2021-06-01
Benidorm,Alicante,Spain,<25,Masculino,326,2021-06-01
Benidorm,Alicante,Spain,25-44,Masculino,1180,2021-06-01
Benidorm,Alicante,Spain,>=45,Masculino,1520,2021-06-01
Benidorm,Alicante,Spain,<25,Femenino,273,2021-06-01
Benidorm,Alicante,Spain,25-44,Femenino,1631,2021-06-01
Benidorm,Alicante,Spain,>=45,Femenino,2189,2021-06-01
Elda,Alicante,Spain,<25,Masculino,309,2021-06-01
Elda,Alicante,Spain,25-44,Masculino,938,2021-06-01
Elda,Alicante,Spain,>=45,Masculino,1194,2021-06-01
Elda,Alicante,Spain,<25,Femenino,284,2021-06-01
Elda,Alicante,Spain,25-44,Femenino,1351,2021-06-01
Elda,Alicante,Spain,>=45,Femenino,2114,2021-06-01
Petrer,Alicante,Spain,<25,Masculino,161,2021-06-01
Petrer,Alicante,Spain,25-44,Masculino,470,2021-06-01
Petrer,Alicante,Spain,>=45,Masculino,795,2021-06-01
Petrer,Alicante,Spain,<25,Femenino,141,2021-06-01
Petrer,Alicante,Spain,25-44,Femenino,783,2021-06-01
Petrer,Alicante,Spain,>=45,Femenino,1636,2021-06-01
Santa Pola,Alicante,Spain,<25,Masculino,88,2021-06-01
Santa Pola,Alicante,Spain,25-44,Masculino,475,2021-06-01
Santa Pola,Alicante,Spain,>=45,Masculino,647,2021-06-01
Santa Pola,Alicante,Spain,<25,Femenino,87,2021-06-01
Santa Pola,Alicante,Spain,25-44,Femenino,740,2021-06-01
Santa Pola,Alicante,Spain,>=45,Femenino,996,2021-06-01
Altea,Alicante,Spain,<25,Masculino,85,2020-07-01
Altea,Alicante,Spain,25-44,Masculino,266,2020-07-01
Altea,Alicante,Spain,>=45,Masculino,410,2020-07-01
Altea,Alicante,Spain,<25,Femenino,85,2020-07-01
Altea,Alicante,Spain,25-44,Femenino,383,2020-07-01
Altea,Alicante,Spain,>=45,Femenino,488,2020-07-01
Benidorm,Alicante,Spain,<25,Masculino,344,2020-07-01
Benidorm,Alicante,Spain,25-44,Masculino,1311,2020-07-01
Benidorm,Alicante,Spain,>=45,Masculino,1470,2020-07-01
Benidorm,Alicante,Spain,<25,Femenino,287,2020-07-01
Benidorm,Alicante,Spain,25-44,Femenino,1680,2020-07-01
Benidorm,Alicante,Spain,>=45,Femenino,2050,2020-07-01
Elda,Alicante,Spain,<25,Masculino,345,2020-07-01
Elda,Alicante,Spain,25-44,Masculino,983,2020-07-01
Elda,Alicante,Spain,>=45,Masculino,1193,2020-07-01
Elda,Alicante,Spain,<25,Femenino,283,2020-07-01
Elda,Alicante,Spain,25-44,Femenino,1408,2020-07-01
Elda,Alicante,Spain,>=45,Femenino,2125,2020-07-01
Petrer,Alicante,Spain,<25,Masculino,203,2020-07-01
Petrer,Alicante,Spain,25-44,Masculino,550,2020-07-01
Petrer,Alicante,Spain,>=45,Masculino,802,2020-07-01
Petrer,Alicante,Spain,<25,Femenino,140,2020-07-01
Petrer,Alicante,Spain,25-44,Femenino,816,2020-07-01
Petrer,Alicante,Spain,>=45,Femenino,1671,2020-07-01
Santa Pola,Alicante,Spain,<25,Masculino,104,2020-07-01
Santa Pola,Alicante,Spain,25-44,Masculino,471,2020-07-01
Santa Pola,Alicante,Spain,>=45,Masculino,642,2020-07-01
Santa Pola,Alicante,Spain,<25,Femenino,110,2020-07-01
Santa Pola,Alicante,Spain,25-44,Femenino,677,2020-07-01
Santa Pola,Alicante,Spain,>=45,Femenino,912,2020-07-01
Altea,Alicante,Spain,<25,Masculino,88,2021-07-01
Altea,Alicante,Spain,25-44,Masculino,237,2021-07-01
Altea,Alicante,Spain,>=45,Masculino,414,2021-07-01
Altea,Alicante,Spain,<25,Femenino,47,2021-07-01
Altea,Alicante,Spain,25-44,Femenino,366,2021-07-01
Altea,Alicante,Spain,>=45,Femenino,510,2021-07-01
Benidorm,Alicante,Spain,<25,Masculino,247,2021-07-01
Benidorm,Alicante,Spain,25-44,Masculino,1018,2021-07-01
Benidorm,Alicante,Spain,>=45,Masculino,1434,2021-07-01
Benidorm,Alicante,Spain,<25,Femenino,210,2021-07-01
Benidorm,Alicante,Spain,25-44,Femenino,1467,2021-07-01
Benidorm,Alicante,Spain,>=45,Femenino,2041,2021-07-01
Elda,Alicante,Spain,<25,Masculino,309,2021-07-01
Elda,Alicante,Spain,25-44,Masculino,945,2021-07-01
Elda,Alicante,Spain,>=45,Masculino,1205,2021-07-01
Elda,Alicante,Spain,<25,Femenino,296,2021-07-01
Elda,Alicante,Spain,25-44,Femenino,1385,2021-07-01
Elda,Alicante,Spain,>=45,Femenino,2126,2021-07-01
Petrer,Alicante,Spain,<25,Masculino,155,2021-07-01
Petrer,Alicante,Spain,25-44,Masculino,464,2021-07-01
Petrer,Alicante,Spain,>=45,Masculino,806,2021-07-01
Petrer,Alicante,Spain,<25,Femenino,135,2021-07-01
Petrer,Alicante,Spain,25-44,Femenino,790,2021-07-01
Petrer,Alicante,Spain,>=45,Femenino,1636,2021-07-01
Santa Pola,Alicante,Spain,<25,Masculino,72,2021-07-01
Santa Pola,Alicante,Spain,25-44,Masculino,438,2021-07-01
Santa Pola,Alicante,Spain,>=45,Masculino,618,2021-07-01
Santa Pola,Alicante,Spain,<25,Femenino,73,2021-07-01
Santa Pola,Alicante,Spain,25-44,Femenino,695,2021-07-01
Santa Pola,Alicante,Spain,>=45,Femenino,960,2021-07-01
Altea,Alicante,Spain,<25,Masculino,83,2020-08-01
Altea,Alicante,Spain,25-44,Masculino,261,2020-08-01
Altea,Alicante,Spain,>=45,Masculino,407,2020-08-01
Altea,Alicante,Spain,<25,Femenino,79,2020-08-01
Altea,Alicante,Spain,25-44,Femenino,386,2020-08-01
Altea,Alicante,Spain,>=45,Femenino,482,2020-08-01
Benidorm,Alicante,Spain,<25,Masculino,339,2020-08-01
Benidorm,Alicante,Spain,25-44,Masculino,1288,2020-08-01
Benidorm,Alicante,Spain,>=45,Masculino,1481,2020-08-01
Benidorm,Alicante,Spain,<25,Femenino,267,2020-08-01
Benidorm,Alicante,Spain,25-44,Femenino,1636,2020-08-01
Benidorm,Alicante,Spain,>=45,Femenino,2025,2020-08-01
Elda,Alicante,Spain,<25,Masculino,362,2020-08-01
Elda,Alicante,Spain,25-44,Masculino,1025,2020-08-01
Elda,Alicante,Spain,>=45,Masculino,1231,2020-08-01
Elda,Alicante,Spain,<25,Femenino,309,2020-08-01
Elda,Alicante,Spain,25-44,Femenino,1444,2020-08-01
Elda,Alicante,Spain,>=45,Femenino,2160,2020-08-01
Petrer,Alicante,Spain,<25,Masculino,212,2020-08-01
Petrer,Alicante,Spain,25-44,Masculino,557,2020-08-01
Petrer,Alicante,Spain,>=45,Masculino,825,2020-08-01
Petrer,Alicante,Spain,<25,Femenino,148,2020-08-01
Petrer,Alicante,Spain,25-44,Femenino,822,2020-08-01
Petrer,Alicante,Spain,>=45,Femenino,1704,2020-08-01
Santa Pola,Alicante,Spain,<25,Masculino,103,2020-08-01
Santa Pola,Alicante,Spain,25-44,Masculino,474,2020-08-01
Santa Pola,Alicante,Spain,>=45,Masculino,644,2020-08-01
Santa Pola,Alicante,Spain,<25,Femenino,112,2020-08-01
Santa Pola,Alicante,Spain,25-44,Femenino,673,2020-08-01
Santa Pola,Alicante,Spain,>=45,Femenino,925,2020-08-01
Altea,Alicante,Spain,<25,Masculino,85,2021-08-01
Altea,Alicante,Spain,25-44,Masculino,240,2021-08-01
Altea,Alicante,Spain,>=45,Masculino,411,2021-08-01
Altea,Alicante,Spain,<25,Femenino,50,2021-08-01
Altea,Alicante,Spain,25-44,Femenino,346,2021-08-01
Altea,Alicante,Spain,>=45,Femenino,507,2021-08-01
Benidorm,Alicante,Spain,<25,Masculino,216,2021-08-01
Benidorm,Alicante,Spain,25-44,Masculino,965,2021-08-01
Benidorm,Alicante,Spain,>=45,Masculino,1403,2021-08-01
Benidorm,Alicante,Spain,<25,Femenino,196,2021-08-01
Benidorm,Alicante,Spain,25-44,Femenino,1396,2021-08-01
Benidorm,Alicante,Spain,>=45,Femenino,1977,2021-08-01
Elda,Alicante,Spain,<25,Masculino,313,2021-08-01
Elda,Alicante,Spain,25-44,Masculino,998,2021-08-01
Elda,Alicante,Spain,>=45,Masculino,1226,2021-08-01
Elda,Alicante,Spain,<25,Femenino,303,2021-08-01
Elda,Alicante,Spain,25-44,Femenino,1427,2021-08-01
Elda,Alicante,Spain,>=45,Femenino,2160,2021-08-01
Petrer,Alicante,Spain,<25,Masculino,161,2021-08-01
Petrer,Alicante,Spain,25-44,Masculino,499,2021-08-01
Petrer,Alicante,Spain,>=45,Masculino,831,2021-08-01
Petrer,Alicante,Spain,<25,Femenino,144,2021-08-01
Petrer,Alicante,Spain,25-44,Femenino,814,2021-08-01
Petrer,Alicante,Spain,>=45,Femenino,1653,2021-08-01
Santa Pola,Alicante,Spain,<25,Masculino,70,2021-08-01
Santa Pola,Alicante,Spain,25-44,Masculino,453,2021-08-01
Santa Pola,Alicante,Spain,>=45,Masculino,623,2021-08-01
Santa Pola,Alicante,Spain,<25,Femenino,79,2021-08-01
Santa Pola,Alicante,Spain,25-44,Femenino,721,2021-08-01
Santa Pola,Alicante,Spain,>=45,Femenino,955,2021-08-01
Altea,Alicante,Spain,<25,Masculino,90,2020-09-01
Altea,Alicante,Spain,25-44,Masculino,275,2020-09-01
Altea,Alicante,Spain,>=45,Masculino,422,2020-09-01
Altea,Alicante,Spain,<25,Femenino,89,2020-09-01
Altea,Alicante,Spain,25-44,Femenino,415,2020-09-01
Altea,Alicante,Spain,>=45,Femenino,493,2020-09-01
Benidorm,Alicante,Spain,<25,Masculino,371,2020-09-01
Benidorm,Alicante,Spain,25-44,Masculino,1453,2020-09-01
Benidorm,Alicante,Spain,>=45,Masculino,1566,2020-09-01
Benidorm,Alicante,Spain,<25,Femenino,303,2020-09-01
Benidorm,Alicante,Spain,25-44,Femenino,1818,2020-09-01
Benidorm,Alicante,Spain,>=45,Femenino,2141,2020-09-01
Elda,Alicante,Spain,<25,Masculino,352,2020-09-01
Elda,Alicante,Spain,25-44,Masculino,1013,2020-09-01
Elda,Alicante,Spain,>=45,Masculino,1226,2020-09-01
Elda,Alicante,Spain,<25,Femenino,309,2020-09-01
Elda,Alicante,Spain,25-44,Femenino,1377,2020-09-01
Elda,Alicante,Spain,>=45,Femenino,2159,2020-09-01
Petrer,Alicante,Spain,<25,Masculino,205,2020-09-01
Petrer,Alicante,Spain,25-44,Masculino,539,2020-09-01
Petrer,Alicante,Spain,>=45,Masculino,819,2020-09-01
Petrer,Alicante,Spain,<25,Femenino,156,2020-09-01
Petrer,Alicante,Spain,25-44,Femenino,804,2020-09-01
Petrer,Alicante,Spain,>=45,Femenino,1664,2020-09-01
Santa Pola,Alicante,Spain,<25,Masculino,115,2020-09-01
Santa Pola,Alicante,Spain,25-44,Masculino,521,2020-09-01
Santa Pola,Alicante,Spain,>=45,Masculino,672,2020-09-01
Santa Pola,Alicante,Spain,<25,Femenino,122,2020-09-01
Santa Pola,Alicante,Spain,25-44,Femenino,715,2020-09-01
Santa Pola,Alicante,Spain,>=45,Femenino,956,2020-09-01
Altea,Alicante,Spain,<25,Masculino,93,2021-09-01
Altea,Alicante,Spain,25-44,Masculino,258,2021-09-01
Altea,Alicante,Spain,>=45,Masculino,414,2021-09-01
Altea,Alicante,Spain,<25,Femenino,48,2021-09-01
Altea,Alicante,Spain,25-44,Femenino,352,2021-09-01
Altea,Alicante,Spain,>=45,Femenino,514,2021-09-01
Benidorm,Alicante,Spain,<25,Masculino,256,2021-09-01
Benidorm,Alicante,Spain,25-44,Masculino,1024,2021-09-01
Benidorm,Alicante,Spain,>=45,Masculino,1421,2021-09-01
Benidorm,Alicante,Spain,<25,Femenino,222,2021-09-01
Benidorm,Alicante,Spain,25-44,Femenino,1404,2021-09-01
Benidorm,Alicante,Spain,>=45,Femenino,2025,2021-09-01
Elda,Alicante,Spain,<25,Masculino,326,2021-09-01
Elda,Alicante,Spain,25-44,Masculino,972,2021-09-01
Elda,Alicante,Spain,>=45,Masculino,1214,2021-09-01
Elda,Alicante,Spain,<25,Femenino,302,2021-09-01
Elda,Alicante,Spain,25-44,Femenino,1341,2021-09-01
Elda,Alicante,Spain,>=45,Femenino,2135,2021-09-01
Petrer,Alicante,Spain,<25,Masculino,172,2021-09-01
Petrer,Alicante,Spain,25-44,Masculino,463,2021-09-01
Petrer,Alicante,Spain,>=45,Masculino,819,2021-09-01
Petrer,Alicante,Spain,<25,Femenino,157,2021-09-01
Petrer,Alicante,Spain,25-44,Femenino,748,2021-09-01
Petrer,Alicante,Spain,>=45,Femenino,1623,2021-09-01
Santa Pola,Alicante,Spain,<25,Masculino,87,2021-09-01
Santa Pola,Alicante,Spain,25-44,Masculino,468,2021-09-01
Santa Pola,Alicante,Spain,>=45,Masculino,624,2021-09-01
Santa Pola,Alicante,Spain,<25,Femenino,90,2021-09-01
Santa Pola,Alicante,Spain,25-44,Femenino,749,2021-09-01
Santa Pola,Alicante,Spain,>=45,Femenino,1000,2021-09-01
Altea,Alicante,Spain,<25,Masculino,116,2020-10-01
Altea,Alicante,Spain,25-44,Masculino,301,2020-10-01
Altea,Alicante,Spain,>=45,Masculino,428,2020-10-01
Altea,Alicante,Spain,<25,Femenino,95,2020-10-01
Altea,Alicante,Spain,25-44,Femenino,438,2020-10-01
Altea,Alicante,Spain,>=45,Femenino,515,2020-10-01
Benidorm,Alicante,Spain,<25,Masculino,412,2020-10-01
Benidorm,Alicante,Spain,25-44,Masculino,1608,2020-10-01
Benidorm,Alicante,Spain,>=45,Masculino,1656,2020-10-01
Benidorm,Alicante,Spain,<25,Femenino,333,2020-10-01
Benidorm,Alicante,Spain,25-44,Femenino,1945,2020-10-01
Benidorm,Alicante,Spain,>=45,Femenino,2251,2020-10-01
Elda,Alicante,Spain,<25,Masculino,361,2020-10-01
Elda,Alicante,Spain,25-44,Masculino,973,2020-10-01
Elda,Alicante,Spain,>=45,Masculino,1203,2020-10-01
Elda,Alicante,Spain,<25,Femenino,302,2020-10-01
Elda,Alicante,Spain,25-44,Femenino,1347,2020-10-01
Elda,Alicante,Spain,>=45,Femenino,2153,2020-10-01
Petrer,Alicante,Spain,<25,Masculino,201,2020-10-01
Petrer,Alicante,Spain,25-44,Masculino,530,2020-10-01
Petrer,Alicante,Spain,>=45,Masculino,803,2020-10-01
Petrer,Alicante,Spain,<25,Femenino,157,2020-10-01
Petrer,Alicante,Spain,25-44,Femenino,800,2020-10-01
Petrer,Alicante,Spain,>=45,Femenino,1644,2020-10-01
Santa Pola,Alicante,Spain,<25,Masculino,116,2020-10-01
Santa Pola,Alicante,Spain,25-44,Masculino,541,2020-10-01
Santa Pola,Alicante,Spain,>=45,Masculino,669,2020-10-01
Santa Pola,Alicante,Spain,<25,Femenino,127,2020-10-01
Santa Pola,Alicante,Spain,25-44,Femenino,767,2020-10-01
Santa Pola,Alicante,Spain,>=45,Femenino,975,2020-10-01
Altea,Alicante,Spain,<25,Masculino,96,2021-10-01
Altea,Alicante,Spain,25-44,Masculino,261,2021-10-01
Altea,Alicante,Spain,>=45,Masculino,406,2021-10-01
Altea,Alicante,Spain,<25,Femenino,48,2021-10-01
Altea,Alicante,Spain,25-44,Femenino,367,2021-10-01
Altea,Alicante,Spain,>=45,Femenino,517,2021-10-01
Benidorm,Alicante,Spain,<25,Masculino,281,2021-10-01
Benidorm,Alicante,Spain,25-44,Masculino,1063,2021-10-01
Benidorm,Alicante,Spain,>=45,Masculino,1449,2021-10-01
Benidorm,Alicante,Spain,<25,Femenino,249,2021-10-01
Benidorm,Alicante,Spain,25-44,Femenino,1481,2021-10-01
Benidorm,Alicante,Spain,>=45,Femenino,2069,2021-10-01
Elda,Alicante,Spain,<25,Masculino,325,2021-10-01
Elda,Alicante,Spain,25-44,Masculino,957,2021-10-01
Elda,Alicante,Spain,>=45,Masculino,1197,2021-10-01
Elda,Alicante,Spain,<25,Femenino,317,2021-10-01
Elda,Alicante,Spain,25-44,Femenino,1324,2021-10-01
Elda,Alicante,Spain,>=45,Femenino,2120,2021-10-01
Petrer,Alicante,Spain,<25,Masculino,178,2021-10-01
Petrer,Alicante,Spain,25-44,Masculino,478,2021-10-01
Petrer,Alicante,Spain,>=45,Masculino,813,2021-10-01
Petrer,Alicante,Spain,<25,Femenino,153,2021-10-01
Petrer,Alicante,Spain,25-44,Femenino,725,2021-10-01
Petrer,Alicante,Spain,>=45,Femenino,1581,2021-10-01
Santa Pola,Alicante,Spain,<25,Masculino,102,2021-10-01
Santa Pola,Alicante,Spain,25-44,Masculino,504,2021-10-01
Santa Pola,Alicante,Spain,>=45,Masculino,642,2021-10-01
Santa Pola,Alicante,Spain,<25,Femenino,105,2021-10-01
Santa Pola,Alicante,Spain,25-44,Femenino,803,2021-10-01
Santa Pola,Alicante,Spain,>=45,Femenino,1022,2021-10-01
Altea,Alicante,Spain,<25,Masculino,129,2020-11-01
Altea,Alicante,Spain,25-44,Masculino,322,2020-11-01
Altea,Alicante,Spain,>=45,Masculino,451,2020-11-01
Altea,Alicante,Spain,<25,Femenino,95,2020-11-01
Altea,Alicante,Spain,25-44,Femenino,466,2020-11-01
Altea,Alicante,Spain,>=45,Femenino,536,2020-11-01
Benidorm,Alicante,Spain,<25,Masculino,435,2020-11-01
Benidorm,Alicante,Spain,25-44,Masculino,1729,2020-11-01
Benidorm,Alicante,Spain,>=45,Masculino,1699,2020-11-01
Benidorm,Alicante,Spain,<25,Femenino,369,2020-11-01
Benidorm,Alicante,Spain,25-44,Femenino,2058,2020-11-01
Benidorm,Alicante,Spain,>=45,Femenino,2319,2020-11-01
Elda,Alicante,Spain,<25,Masculino,371,2020-11-01
Elda,Alicante,Spain,25-44,Masculino,987,2020-11-01
Elda,Alicante,Spain,>=45,Masculino,1203,2020-11-01
Elda,Alicante,Spain,<25,Femenino,315,2020-11-01
Elda,Alicante,Spain,25-44,Femenino,1356,2020-11-01
Elda,Alicante,Spain,>=45,Femenino,2144,2020-11-01
Petrer,Alicante,Spain,<25,Masculino,205,2020-11-01
Petrer,Alicante,Spain,25-44,Masculino,537,2020-11-01
Petrer,Alicante,Spain,>=45,Masculino,805,2020-11-01
Petrer,Alicante,Spain,<25,Femenino,165,2020-11-01
Petrer,Alicante,Spain,25-44,Femenino,775,2020-11-01
Petrer,Alicante,Spain,>=45,Femenino,1644,2020-11-01
Santa Pola,Alicante,Spain,<25,Masculino,119,2020-11-01
Santa Pola,Alicante,Spain,25-44,Masculino,590,2020-11-01
Santa Pola,Alicante,Spain,>=45,Masculino,669,2020-11-01
Santa Pola,Alicante,Spain,<25,Femenino,137,2020-11-01
Santa Pola,Alicante,Spain,25-44,Femenino,819,2020-11-01
Santa Pola,Alicante,Spain,>=45,Femenino,988,2020-11-01
Altea,Alicante,Spain,<25,Masculino,91,2021-11-01
Altea,Alicante,Spain,25-44,Masculino,234,2021-11-01
Altea,Alicante,Spain,>=45,Masculino,400,2021-11-01
Altea,Alicante,Spain,<25,Femenino,53,2021-11-01
Altea,Alicante,Spain,25-44,Femenino,351,2021-11-01
Altea,Alicante,Spain,>=45,Femenino,512,2021-11-01
Benidorm,Alicante,Spain,<25,Masculino,270,2021-11-01
Benidorm,Alicante,Spain,25-44,Masculino,1049,2021-11-01
Benidorm,Alicante,Spain,>=45,Masculino,1407,2021-11-01
Benidorm,Alicante,Spain,<25,Femenino,232,2021-11-01
Benidorm,Alicante,Spain,25-44,Femenino,1488,2021-11-01
Benidorm,Alicante,Spain,>=45,Femenino,2035,2021-11-01
Elda,Alicante,Spain,<25,Masculino,276,2021-11-01
Elda,Alicante,Spain,25-44,Masculino,872,2021-11-01
Elda,Alicante,Spain,>=45,Masculino,1137,2021-11-01
Elda,Alicante,Spain,<25,Femenino,280,2021-11-01
Elda,Alicante,Spain,25-44,Femenino,1233,2021-11-01
Elda,Alicante,Spain,>=45,Femenino,2056,2021-11-01
Petrer,Alicante,Spain,<25,Masculino,145,2021-11-01
Petrer,Alicante,Spain,25-44,Masculino,440,2021-11-01
Petrer,Alicante,Spain,>=45,Masculino,777,2021-11-01
Petrer,Alicante,Spain,<25,Femenino,134,2021-11-01
Petrer,Alicante,Spain,25-44,Femenino,672,2021-11-01
Petrer,Alicante,Spain,>=45,Femenino,1517,2021-11-01
Santa Pola,Alicante,Spain,<25,Masculino,91,2021-11-01
Santa Pola,Alicante,Spain,25-44,Masculino,475,2021-11-01
Santa Pola,Alicante,Spain,>=45,Masculino,613,2021-11-01
Santa Pola,Alicante,Spain,<25,Femenino,95,2021-11-01
Santa Pola,Alicante,Spain,25-44,Femenino,765,2021-11-01
Santa Pola,Alicante,Spain,>=45,Femenino,1005,2021-11-01
Altea,Alicante,Spain,<25,Masculino,132,2020-12-01
Altea,Alicante,Spain,25-44,Masculino,334,2020-12-01
Altea,Alicante,Spain,>=45,Masculino,460,2020-12-01
Altea,Alicante,Spain,<25,Femenino,96,2020-12-01
Altea,Alicante,Spain,25-44,Femenino,466,2020-12-01
Altea,Alicante,Spain,>=45,Femenino,535,2020-12-01
Benidorm,Alicante,Spain,<25,Masculino,446,2020-12-01
Benidorm,Alicante,Spain,25-44,Masculino,1720,2020-12-01
Benidorm,Alicante,Spain,>=45,Masculino,1704,2020-12-01
Benidorm,Alicante,Spain,<25,Femenino,374,2020-12-01
Benidorm,Alicante,Spain,25-44,Femenino,2065,2020-12-01
Benidorm,Alicante,Spain,>=45,Femenino,2345,2020-12-01
Elda,Alicante,Spain,<25,Masculino,367,2020-12-01
Elda,Alicante,Spain,25-44,Masculino,999,2020-12-01
Elda,Alicante,Spain,>=45,Masculino,1211,2020-12-01
Elda,Alicante,Spain,<25,Femenino,321,2020-12-01
Elda,Alicante,Spain,25-44,Femenino,1385,2020-12-01
Elda,Alicante,Spain,>=45,Femenino,2129,2020-12-01
Petrer,Alicante,Spain,<25,Masculino,204,2020-12-01
Petrer,Alicante,Spain,25-44,Masculino,543,2020-12-01
Petrer,Alicante,Spain,>=45,Masculino,823,2020-12-01
Petrer,Alicante,Spain,<25,Femenino,165,2020-12-01
Petrer,Alicante,Spain,25-44,Femenino,785,2020-12-01
Petrer,Alicante,Spain,>=45,Femenino,1640,2020-12-01
Santa Pola,Alicante,Spain,<25,Masculino,115,2020-12-01
Santa Pola,Alicante,Spain,25-44,Masculino,590,2020-12-01
Santa Pola,Alicante,Spain,>=45,Masculino,663,2020-12-01
Santa Pola,Alicante,Spain,<25,Femenino,133,2020-12-01
Santa Pola,Alicante,Spain,25-44,Femenino,827,2020-12-01
Santa Pola,Alicante,Spain,>=45,Femenino,986,2020-12-01
Altea,Alicante,Spain,<25,Masculino,71,2021-12-01
Altea,Alicante,Spain,25-44,Masculino,227,2021-12-01
Altea,Alicante,Spain,>=45,Masculino,384,2021-12-01
Altea,Alicante,Spain,<25,Femenino,42,2021-12-01
Altea,Alicante,Spain,25-44,Femenino,343,2021-12-01
Altea,Alicante,Spain,>=45,Femenino,504,2021-12-01
Benidorm,Alicante,Spain,<25,Masculino,237,2021-12-01
Benidorm,Alicante,Spain,25-44,Masculino,1042,2021-12-01
Benidorm,Alicante,Spain,>=45,Masculino,1406,2021-12-01
Benidorm,Alicante,Spain,<25,Femenino,192,2021-12-01
Benidorm,Alicante,Spain,25-44,Femenino,1474,2021-12-01
Benidorm,Alicante,Spain,>=45,Femenino,2035,2021-12-01
Elda,Alicante,Spain,<25,Masculino,218,2021-12-01
Elda,Alicante,Spain,25-44,Masculino,820,2021-12-01
Elda,Alicante,Spain,>=45,Masculino,1101,2021-12-01
Elda,Alicante,Spain,<25,Femenino,236,2021-12-01
Elda,Alicante,Spain,25-44,Femenino,1174,2021-12-01
Elda,Alicante,Spain,>=45,Femenino,1998,2021-12-01
Petrer,Alicante,Spain,<25,Masculino,118,2021-12-01
Petrer,Alicante,Spain,25-44,Masculino,399,2021-12-01
Petrer,Alicante,Spain,>=45,Masculino,752,2021-12-01
Petrer,Alicante,Spain,<25,Femenino,107,2021-12-01
Petrer,Alicante,Spain,25-44,Femenino,647,2021-12-01
Petrer,Alicante,Spain,>=45,Femenino,1464,2021-12-01
Santa Pola,Alicante,Spain,<25,Masculino,82,2021-12-01
Santa Pola,Alicante,Spain,25-44,Masculino,411,2021-12-01
Santa Pola,Alicante,Spain,>=45,Masculino,619,2021-12-01
Santa Pola,Alicante,Spain,<25,Femenino,84,2021-12-01
Santa Pola,Alicante,Spain,25-44,Femenino,684,2021-12-01
Santa Pola,Alicante,Spain,>=45,Femenino,975,2021-12-01